{
  "Москва, Малая Никитская, 8/1": [
    55.758192,
    37.595295
  ],
  "Москва": [
    55.625578,
    37.606392
  ],
  "Москва, ​Дмитровское шоссе, 9 ст2": null,
  "Москва, ул. Исаковского, 37, корп. 2, стр. 1.": null,
  "Москва, Сокольники": [
    55.792325,
    37.686243
  ]
}